"run","n_reps","B","alpha","sigma_T","sigma_W","lambda","gamma_T","cond_idx","condition","gamma_W1","gamma_W2","N","estimator","n_reject","rejection_rate","ci_lo","ci_hi","mean_estimate","sd_estimate","mcse_mean_estimate","mean_K_phi4","mean_K_phi7","mean_K_phi8","sd_K_phi4","kappa3_W1_minus_W2","kappa4_W1_minus_W2","offset_theory_k3_only","offset_theory_all_aux","Kpop_phi4","Kpop_phi7","Kpop_phi8","offset_theory_Kpop","seed_base","seed_first","seed_last","cell_elapsed_sec","max_diag_err","max_parity22"
"sec5_match_200",200,200,0.05,1,1,1,0,1,"control_gaussian",0,0,500,"naive_delta_c3",12,0.06,0.0346521942543319,0.101931692957663,0.00888289049717941,0.150436595181423,0.01063747365914,NA,NA,NA,NA,0,0,0,0,NA,NA,NA,0,20260548,20770549,20770748,1.42456412315369,0,1.22796059330577e-05
"sec5_match_200",200,200,0.05,1,1,1,0,1,"control_gaussian",0,0,500,"pmm2_full_3aux",14,0.07,0.0421521718283428,0.114054808856106,0.00370342701140243,0.105697539733897,0.00747394471005731,0.149963662843238,0.00357062140431233,-0.00215303659608919,0.0307837455001219,0,0,0,0,0.153862958102236,0.000359626480246627,-0.000304924923633801,0,20260548,20770549,20770748,1.42456412315369,0,1.22796059330577e-05
"sec5_match_200",200,200,0.05,1,1,1,0,1,"control_gaussian",0,0,500,"pmm2_single_aux_phi4",9,0.045,0.023852543001493,0.0832967040018196,0.00311789510813897,0.109833308174593,0.00776638770104069,0.151642987721984,NA,NA,0.0321034417830993,0,0,0,0,0.153865219537134,NA,NA,0,20260548,20770549,20770748,1.42456412315369,0,1.22796059330577e-05
"sec5_match_200",200,200,0.05,1,1,1,0,2,"control_identical_skew",2.25,2.25,500,"naive_delta_c3",13,0.065,0.038376354649153,0.108019079299069,0.00742445925173015,0.242261657681727,0.0171304860968243,NA,NA,NA,NA,0,0,0,0,NA,NA,NA,0,20260548,20780549,20780748,1.55280709266663,0,5.50575694824307e-06
"sec5_match_200",200,200,0.05,1,1,1,0,2,"control_identical_skew",2.25,2.25,500,"pmm2_full_3aux",13,0.065,0.038376354649153,0.108019079299069,0.015218918614048,0.124962469165136,0.00883618093404828,0.0740606403417411,0.162454427639094,-0.0195932758673842,0.0702027321962463,0,0,0,0,0.0443641338977794,0.116635373080622,-0.00818785503003136,0,20260548,20780549,20780748,1.55280709266663,0,5.50575694824307e-06
"sec5_match_200",200,200,0.05,1,1,1,0,2,"control_identical_skew",2.25,2.25,500,"pmm2_single_aux_phi4",14,0.07,0.0421521718283428,0.114054808856106,0.0113596434921176,0.20539742982178,0.0145237915465268,0.0627837042576953,NA,NA,0.063146918052932,0,0,0,0,0.0676308755989221,NA,NA,0,20260548,20780549,20780748,1.55280709266663,0,5.50575694824307e-06
"sec5_match_200",200,200,0.05,1,1,1,0,3,"treatment_skew_vs_gaussian",2.25,0,500,"naive_delta_c3",19,0.095,0.0616631027173865,0.143601611648199,-0.0392106547596254,0.255131713587834,0.0180405364773701,NA,NA,NA,NA,2.25,7.59375,0,0,NA,NA,NA,0,20260548,20790549,20790748,1.56052708625793,0,1.76228770213394e-05
"sec5_match_200",200,200,0.05,1,1,1,0,3,"treatment_skew_vs_gaussian",2.25,0,500,"pmm2_full_3aux",49,0.245,0.190568680890372,0.309042435562034,0.128025665517949,0.0968343495051087,0.00684722251868506,0.15142173300098,0.136164383167806,-0.0317647713960505,0.0573321512710004,2.25,7.59375,0.340698899252206,0.0994851664634476,0.116320999998637,0.1090256523019,-0.016445409773328,0.136839919530724,20260548,20790549,20790748,1.56052708625793,0,1.76228770213394e-05
"sec5_match_200",200,200,0.05,1,1,1,0,3,"treatment_skew_vs_gaussian",2.25,0,500,"pmm2_single_aux_phi4",74,0.37,0.306126084098591,0.438773700759498,0.182859442072684,0.147704647942861,0.0104442958173169,0.0947141936295684,NA,NA,0.0783644159990588,2.25,7.59375,0.213106935666529,0.213106935666529,0.0779183335921049,NA,NA,0.175316250582236,20260548,20790549,20790748,1.56052708625793,0,1.76228770213394e-05
"sec5_match_200",200,200,0.05,1,1,1,0,4,"treatment_mild_skew_vs_gaussian",0.75,0,500,"naive_delta_c3",18,0.09,0.0576874488621932,0.137765718767165,-0.002546446376931,0.176333903029398,0.0124686898585179,NA,NA,NA,NA,0.75,0.84375,0,0,NA,NA,NA,0,20260548,20800549,20800748,1.50861120223999,0,1.87919832050076e-05
"sec5_match_200",200,200,0.05,1,1,1,0,4,"treatment_mild_skew_vs_gaussian",0.75,0,500,"pmm2_full_3aux",28,0.14,0.0986698263345564,0.194898808657076,0.0823030985785095,0.112634930061233,0.00796449228447705,0.15299182920062,0.0829840479436139,-0.0230765764925072,0.038914674862217,0.75,0.84375,0.114743871900465,0.0952730104849122,0.155384623965559,0.0921299214819655,-0.0253166683824512,0.0951775290264763,20260548,20800549,20800748,1.50861120223999,0,1.87919832050076e-05
"sec5_match_200",200,200,0.05,1,1,1,0,4,"treatment_mild_skew_vs_gaussian",0.75,0,500,"pmm2_single_aux_phi4",34,0.17,0.12427907912587,0.228158836283126,0.103049437646161,0.121160989309387,0.0085673757155938,0.138695046468615,NA,NA,0.0438122307920397,0.75,0.84375,0.104021284851461,0.104021284851461,0.140372687634126,NA,NA,0.105279515725594,20260548,20800549,20800748,1.50861120223999,0,1.87919832050076e-05
"sec5_match_200",200,200,0.05,1,1,1,0,5,"control_gaussian",0,0,2000,"naive_delta_c3",14,0.07,0.0421521718283428,0.114054808856106,0.0131825722921039,0.0707880518842155,0.00500547115143139,NA,NA,NA,NA,0,0,0,0,NA,NA,NA,0,20260548,20810549,20810748,4.12689590454102,0,7.0475699803646e-06
"sec5_match_200",200,200,0.05,1,1,1,0,5,"control_gaussian",0,0,2000,"pmm2_full_3aux",11,0.055,0.0309853417034588,0.0957869987723084,0.0104633849739894,0.0538918517472795,0.00381072938212014,0.151901144444003,-0.00108028505961707,0.000385248787545669,0.0162882025358039,0,0,0,0,0.153862958102236,0.000359626480246627,-0.000304924923633801,0,20260548,20810549,20810748,4.12689590454102,0,7.0475699803646e-06
"sec5_match_200",200,200,0.05,1,1,1,0,5,"control_gaussian",0,0,2000,"pmm2_single_aux_phi4",15,0.075,0.045974917184382,0.120043610236295,0.0102009919614374,0.0548070781901603,0.00387544566452837,0.151603628170742,NA,NA,0.0162337938638688,0,0,0,0,0.153865219537134,NA,NA,0,20260548,20810549,20810748,4.12689590454102,0,7.0475699803646e-06
"sec5_match_200",200,200,0.05,1,1,1,0,6,"control_identical_skew",2.25,2.25,2000,"naive_delta_c3",25,0.125,0.0861197447571265,0.178014250025823,-0.0016354268060647,0.137594167974416,0.00972937692264301,NA,NA,NA,NA,0,0,0,0,NA,NA,NA,0,20260548,20820549,20820748,4.23815608024597,0,1.70015518513589e-06
"sec5_match_200",200,200,0.05,1,1,1,0,6,"control_identical_skew",2.25,2.25,2000,"pmm2_full_3aux",15,0.075,0.045974917184382,0.120043610236295,-5.02382182368513e-05,0.0650932421943869,0.00460278729650693,0.0528061551928263,0.13928333807967,-0.0121418502674249,0.0411243017041771,0,0,0,0,0.0443641338977794,0.116635373080622,-0.00818785503003136,0,20260548,20820549,20820748,4.23815608024597,0,1.70015518513589e-06
"sec5_match_200",200,200,0.05,1,1,1,0,6,"control_identical_skew",2.25,2.25,2000,"pmm2_single_aux_phi4",19,0.095,0.0616631027173865,0.143601611648199,-0.000773914542997956,0.118681798587902,0.00839207045849217,0.0652137859454427,NA,NA,0.0422538918056919,0,0,0,0,0.0676308755989221,NA,NA,0,20260548,20820549,20820748,4.23815608024597,0,1.70015518513589e-06
"sec5_match_200",200,200,0.05,1,1,1,0,7,"treatment_skew_vs_gaussian",2.25,0,2000,"naive_delta_c3",10,0.05,0.0273826456007639,0.089578148138776,0.0061704330058778,0.115062267798609,0.00813613098190991,NA,NA,NA,NA,2.25,7.59375,0,0,NA,NA,NA,0,20260548,20830549,20830748,4.15332102775574,0,8.42716855004033e-06
"sec5_match_200",200,200,0.05,1,1,1,0,7,"treatment_skew_vs_gaussian",2.25,0,2000,"pmm2_full_3aux",159,0.795,0.733743019475775,0.845138237961638,0.132349348711607,0.050031445848125,0.00353775746317767,0.139518893404019,0.131863955538311,-0.0268354089138763,0.039944413247353,2.25,7.59375,0.313917510159042,0.110136123719294,0.116320999998637,0.1090256523019,-0.016445409773328,0.136839919530724,20260548,20830549,20830748,4.15332102775574,0,8.42716855004033e-06
"sec5_match_200",200,200,0.05,1,1,1,0,7,"treatment_skew_vs_gaussian",2.25,0,2000,"pmm2_single_aux_phi4",136,0.68,0.612481015658865,0.74073466684532,0.179693300051859,0.0940917237274436,0.00665328959012065,0.0771613928332268,NA,NA,0.0494918930824606,2.25,7.59375,0.17361313387476,0.17361313387476,0.0779183335921049,NA,NA,0.175316250582236,20260548,20830549,20830748,4.15332102775574,0,8.42716855004033e-06
"sec5_match_200",200,200,0.05,1,1,1,0,8,"treatment_mild_skew_vs_gaussian",0.75,0,2000,"naive_delta_c3",14,0.07,0.0421521718283428,0.114054808856106,-0.000315668948558117,0.0864960906701788,0.00611619722590099,NA,NA,NA,NA,0.75,0.84375,0,0,NA,NA,NA,0,20260548,20840549,20840748,4.30728197097778,0,1.22738767295572e-05
"sec5_match_200",200,200,0.05,1,1,1,0,8,"treatment_mild_skew_vs_gaussian",0.75,0,2000,"pmm2_full_3aux",85,0.425,0.358536125435139,0.494290673521451,0.0910241296487605,0.0556267227026822,0.00393340328382502,0.154523094272982,0.0882579107001667,-0.0242578635255153,0.0218227841429438,0.75,0.84375,0.115892320704736,0.0954247483550828,0.155384623965559,0.0921299214819655,-0.0253166683824512,0.0951775290264763,20260548,20840549,20840748,4.30728197097778,0,1.22738767295572e-05
"sec5_match_200",200,200,0.05,1,1,1,0,8,"treatment_mild_skew_vs_gaussian",0.75,0,2000,"pmm2_single_aux_phi4",93,0.465,0.39718564157004,0.534133531276369,0.102830315013403,0.0589916414346161,0.00417133896917424,0.140548973086817,NA,NA,0.0250592289160115,0.75,0.84375,0.105411729815112,0.105411729815112,0.140372687634126,NA,NA,0.105279515725594,20260548,20840549,20840748,4.30728197097778,0,1.22738767295572e-05
"sec5_match_200",200,200,0.05,1,1,1,0,9,"control_gaussian",0,0,5000,"naive_delta_c3",12,0.06,0.0346521942543319,0.101931692957663,0.00461838264110229,0.0517042508512059,0.0036560426393058,NA,NA,NA,NA,0,0,0,0,NA,NA,NA,0,20260548,20850549,20850748,13.4776690006256,0,3.41611426597777e-06
"sec5_match_200",200,200,0.05,1,1,1,0,9,"control_gaussian",0,0,5000,"pmm2_full_3aux",11,0.055,0.0309853417034588,0.0957869987723084,0.00338412740065869,0.0383696120182104,0.00271314128495735,0.153797250285253,-0.000433212469284922,2.33023468290147e-05,0.00987674239417562,0,0,0,0,0.153862958102236,0.000359626480246627,-0.000304924923633801,0,20260548,20850549,20850748,13.4776690006256,0,3.41611426597777e-06
"sec5_match_200",200,200,0.05,1,1,1,0,9,"control_gaussian",0,0,5000,"pmm2_single_aux_phi4",17,0.085,0.0537457501774756,0.131895870715656,0.00328528385000818,0.0385745085883576,0.00272762966037663,0.153724543337087,NA,NA,0.010437471402712,0,0,0,0,0.153865219537134,NA,NA,0,20260548,20850549,20850748,13.4776690006256,0,3.41611426597777e-06
"sec5_match_200",200,200,0.05,1,1,1,0,10,"control_identical_skew",2.25,2.25,5000,"naive_delta_c3",13,0.065,0.038376354649153,0.108019079299069,-0.00139351152938796,0.0783134750143095,0.00553759892409015,NA,NA,NA,NA,0,0,0,0,NA,NA,NA,0,20260548,20860549,20860748,11.9350419044495,0,1.02898362691617e-06
"sec5_match_200",200,200,0.05,1,1,1,0,10,"control_identical_skew",2.25,2.25,5000,"pmm2_full_3aux",13,0.065,0.038376354649153,0.108019079299069,-0.00779998942087779,0.0429183288889475,0.00303478413945693,0.0432427514976953,0.133078305852667,-0.00965612627457583,0.030932941802478,0,0,0,0,0.0443641338977794,0.116635373080622,-0.00818785503003136,0,20260548,20860549,20860748,11.9350419044495,0,1.02898362691617e-06
"sec5_match_200",200,200,0.05,1,1,1,0,10,"control_identical_skew",2.25,2.25,5000,"pmm2_single_aux_phi4",14,0.07,0.0421521718283428,0.114054808856106,-0.0010248516430214,0.0697782104628539,0.00493406457973461,0.0619435972880351,NA,NA,0.0276200264802431,0,0,0,0,0.0676308755989221,NA,NA,0,20260548,20860549,20860748,11.9350419044495,0,1.02898362691617e-06
"sec5_match_200",200,200,0.05,1,1,1,0,11,"treatment_skew_vs_gaussian",2.25,0,5000,"naive_delta_c3",11,0.055,0.0309853417034588,0.0957869987723084,0.0031010103600898,0.0755357806808287,0.00534118627416338,NA,NA,NA,NA,2.25,7.59375,0,0,NA,NA,NA,0,20260548,20870549,20870748,13.2900819778442,0,8.4201591935007e-06
"sec5_match_200",200,200,0.05,1,1,1,0,11,"treatment_skew_vs_gaussian",2.25,0,5000,"pmm2_full_3aux",195,0.975,0.942821659593358,0.989275280348239,0.13695343649459,0.0361946276021258,0.00255934666199849,0.136400026214944,0.122568331707744,-0.0233379029614283,0.0306843860129141,2.25,7.59375,0.306900058983624,0.129677858370277,0.116320999998637,0.1090256523019,-0.016445409773328,0.136839919530724,20260548,20870549,20870748,13.2900819778442,0,8.4201591935007e-06
"sec5_match_200",200,200,0.05,1,1,1,0,11,"treatment_skew_vs_gaussian",2.25,0,5000,"pmm2_single_aux_phi4",157,0.785,0.722976926510034,0.836281237454924,0.164284010933006,0.0660478672365339,0.00467028948058619,0.0722763679876441,NA,NA,0.0389755613979929,2.25,7.59375,0.162621827972199,0.162621827972199,0.0779183335921049,NA,NA,0.175316250582236,20260548,20870549,20870748,13.2900819778442,0,8.4201591935007e-06
"sec5_match_200",200,200,0.05,1,1,1,0,12,"treatment_mild_skew_vs_gaussian",0.75,0,5000,"naive_delta_c3",6,0.03,0.0138203143401113,0.0638942924545192,-0.00289109474184405,0.0514670692519764,0.00363927136758702,NA,NA,NA,NA,0.75,0.84375,0,0,NA,NA,NA,0,20260548,20880549,20880748,16.8632891178131,0,8.89841077905684e-06
"sec5_match_200",200,200,0.05,1,1,1,0,12,"treatment_mild_skew_vs_gaussian",0.75,0,5000,"pmm2_full_3aux",160,0.8,0.739144813434621,0.849547990739019,0.0928100344659574,0.0340879055127577,0.00241037891445172,0.153674920567506,0.0907267759541809,-0.0247282381486717,0.0160074224401211,0.75,0.84375,0.115256190425629,0.0943917394876876,0.155384623965559,0.0921299214819655,-0.0253166683824512,0.0951775290264763,20260548,20880549,20880748,16.8632891178131,0,8.89841077905684e-06
"sec5_match_200",200,200,0.05,1,1,1,0,12,"treatment_mild_skew_vs_gaussian",0.75,0,5000,"pmm2_single_aux_phi4",169,0.845,0.788393094076579,0.888603630723107,0.10428605828536,0.0350931210216083,0.00248145838473794,0.140647979544918,NA,NA,0.0156079950094095,0.75,0.84375,0.105485984658689,0.105485984658689,0.140372687634126,NA,NA,0.105279515725594,20260548,20880549,20880748,16.8632891178131,0,8.89841077905684e-06
"extended_1000",1000,200,0.05,1,1,1,0,1,"control_gaussian",0,0,500,"naive_delta_c3",54,0.054,0.0416213137230627,0.0697921548460524,-0.00710752395833133,0.150742555003058,0.00476689814122874,NA,NA,NA,NA,0,0,0,0,NA,NA,NA,0,20260548,21270549,21271548,14.2911100387573,0,1.45597416391086e-05
"extended_1000",1000,200,0.05,1,1,1,0,1,"control_gaussian",0,0,500,"pmm2_full_3aux",54,0.054,0.0416213137230627,0.0697921548460524,-0.00529808613525513,0.1093356604451,0.00345749716485294,0.149143006974987,-0.00118762923591052,0.000350224199687613,0.0310432643866358,0,0,0,0,0.153862958102236,0.000359626480246627,-0.000304924923633801,0,20260548,21270549,21271548,14.2911100387573,0,1.45597416391086e-05
"extended_1000",1000,200,0.05,1,1,1,0,1,"control_gaussian",0,0,500,"pmm2_single_aux_phi4",59,0.059,0.0460142982128005,0.0753609027714591,-0.00462624354676996,0.111837758775644,0.00353662046139518,0.150276990143011,NA,NA,0.0315225779728613,0,0,0,0,0.153865219537134,NA,NA,0,20260548,21270549,21271548,14.2911100387573,0,1.45597416391086e-05
"extended_1000",1000,200,0.05,1,1,1,0,2,"control_identical_skew",2.25,2.25,500,"naive_delta_c3",70,0.07,0.0557763641462941,0.0875146481512833,0.00141849716918595,0.249800524064199,0.00789938616746571,NA,NA,NA,NA,0,0,0,0,NA,NA,NA,0,20260548,21280549,21281548,14.7288339138031,0,8.09088986519768e-06
"extended_1000",1000,200,0.05,1,1,1,0,2,"control_identical_skew",2.25,2.25,500,"pmm2_full_3aux",54,0.054,0.0416213137230627,0.0697921548460524,-0.0011499875289256,0.113357154987229,0.00358466798836358,0.0706431508414213,0.161234891432038,-0.0184928667960194,0.0739756911795216,0,0,0,0,0.0443641338977794,0.116635373080622,-0.00818785503003136,0,20260548,21280549,21281548,14.7288339138031,0,8.09088986519768e-06
"extended_1000",1000,200,0.05,1,1,1,0,2,"control_identical_skew",2.25,2.25,500,"pmm2_single_aux_phi4",73,0.073,0.0584590262124134,0.0908090255342507,0.00019035702160249,0.209066543422644,0.0066112645975405,0.0674606727546648,NA,NA,0.0648529933952807,0,0,0,0,0.0676308755989221,NA,NA,0,20260548,21280549,21281548,14.7288339138031,0,8.09088986519768e-06
"extended_1000",1000,200,0.05,1,1,1,0,3,"treatment_skew_vs_gaussian",2.25,0,500,"naive_delta_c3",77,0.077,0.0620479070606059,0.0951895306181737,-0.00184622268791123,0.236677544393417,0.00748440111298814,NA,NA,NA,NA,2.25,7.59375,0,0,NA,NA,NA,0,20260548,21290549,21291548,14.8640930652618,0,2.14406099086628e-05
"extended_1000",1000,200,0.05,1,1,1,0,3,"treatment_skew_vs_gaussian",2.25,0,500,"pmm2_full_3aux",226,0.226,0.201154684673347,0.252942378976738,0.120420522618211,0.0987943252473453,0.00312415087681089,0.149874470687022,0.135487963215741,-0.0317698552913626,0.0674269175364982,2.25,7.59375,0.337217559045799,0.095965220427014,0.116320999998637,0.1090256523019,-0.016445409773328,0.136839919530724,20260548,21290549,21291548,14.8640930652618,0,2.14406099086628e-05
"extended_1000",1000,200,0.05,1,1,1,0,3,"treatment_skew_vs_gaussian",2.25,0,500,"pmm2_single_aux_phi4",353,0.353,0.323993738438902,0.383131328555852,0.176958848741915,0.141503279944479,0.00447472661008977,0.0842429078083777,NA,NA,0.0787065933857245,2.25,7.59375,0.18954654256885,0.18954654256885,0.0779183335921049,NA,NA,0.175316250582236,20260548,21290549,21291548,14.8640930652618,0,2.14406099086628e-05
"extended_1000",1000,200,0.05,1,1,1,0,4,"treatment_mild_skew_vs_gaussian",0.75,0,500,"naive_delta_c3",74,0.074,0.059354992584107,0.091905405645586,0.00339268013595174,0.167299478378935,0.00529047403035528,NA,NA,NA,NA,0.75,0.84375,0,0,NA,NA,NA,0,20260548,21300549,21301548,15.2291309833527,0,2.10218556940811e-05
"extended_1000",1000,200,0.05,1,1,1,0,4,"treatment_mild_skew_vs_gaussian",0.75,0,500,"pmm2_full_3aux",126,0.126,0.106852910687009,0.148009504660186,0.0857483453579229,0.110432473338072,0.00349218143394124,0.152441033152152,0.083970785047602,-0.0241054367617743,0.03997143892553,0.75,0.84375,0.114330774864114,0.0939918125963668,0.155384623965559,0.0921299214819655,-0.0253166683824512,0.0951775290264763,20260548,21300549,21301548,15.2291309833527,0,2.10218556940811e-05
"extended_1000",1000,200,0.05,1,1,1,0,4,"treatment_mild_skew_vs_gaussian",0.75,0,500,"pmm2_single_aux_phi4",179,0.179,0.156482115219189,0.203974663728537,0.105974254457086,0.116906536157511,0.00369690927618564,0.137469318380392,NA,NA,0.0443153265326851,0.75,0.84375,0.103101988785294,0.103101988785294,0.140372687634126,NA,NA,0.105279515725594,20260548,21300549,21301548,15.2291309833527,0,2.10218556940811e-05
"extended_1000",1000,200,0.05,1,1,1,0,5,"control_gaussian",0,0,2000,"naive_delta_c3",62,0.062,0.0486641801199806,0.0786880603133656,-0.00354038554870243,0.079037781044948,0.00249939409307719,NA,NA,NA,NA,0,0,0,0,NA,NA,NA,0,20260548,21310549,21311548,39.8091151714325,0,7.43707877352839e-06
"extended_1000",1000,200,0.05,1,1,1,0,5,"control_gaussian",0,0,2000,"pmm2_full_3aux",59,0.059,0.0460142982128005,0.0753609027714591,-0.00137943057555081,0.0574440460534184,0.00181654023544409,0.151931979713171,0.00154278784685042,-0.000637302822483903,0.016814698959407,0,0,0,0,0.153862958102236,0.000359626480246627,-0.000304924923633801,0,20260548,21310549,21311548,39.8091151714325,0,7.43707877352839e-06
"extended_1000",1000,200,0.05,1,1,1,0,5,"control_gaussian",0,0,2000,"pmm2_single_aux_phi4",65,0.065,0.051323770569062,0.0820055093133709,-0.00154903872495246,0.0585977636923208,0.00185302399060052,0.15225366962051,NA,NA,0.0171832383358631,0,0,0,0,0.153865219537134,NA,NA,0,20260548,21310549,21311548,39.8091151714325,0,7.43707877352839e-06
"extended_1000",1000,200,0.05,1,1,1,0,6,"control_identical_skew",2.25,2.25,2000,"naive_delta_c3",72,0.072,0.0575639216809144,0.0897117835827207,-0.00573483077894577,0.124481869844033,0.00393646236103772,NA,NA,NA,NA,0,0,0,0,NA,NA,NA,0,20260548,21320549,21321548,40.9846680164337,0,3.4671775538675e-06
"extended_1000",1000,200,0.05,1,1,1,0,6,"control_identical_skew",2.25,2.25,2000,"pmm2_full_3aux",64,0.064,0.0504362008982295,0.0809007325011745,0.000164461018652336,0.0640129172522996,0.00202426618189154,0.0540018719204245,0.140353562287379,-0.0123183001056349,0.0427005747248691,0,0,0,0,0.0443641338977794,0.116635373080622,-0.00818785503003136,0,20260548,21320549,21321548,40.9846680164337,0,3.4671775538675e-06
"extended_1000",1000,200,0.05,1,1,1,0,6,"control_identical_skew",2.25,2.25,2000,"pmm2_single_aux_phi4",61,0.061,0.0477797751260337,0.0775801188242837,-0.00583075924647295,0.106182815893994,0.00335779546595348,0.0669324906543793,NA,NA,0.0423508886178341,0,0,0,0,0.0676308755989221,NA,NA,0,20260548,21320549,21321548,40.9846680164337,0,3.4671775538675e-06
"extended_1000",1000,200,0.05,1,1,1,0,7,"treatment_skew_vs_gaussian",2.25,0,2000,"naive_delta_c3",58,0.058,0.0451332782349982,0.0742495762662325,0.000595489240151049,0.115442390790857,0.00365060893434355,NA,NA,NA,NA,2.25,7.59375,0,0,NA,NA,NA,0,20260548,21330549,21331548,36.5322048664093,0,1.16726775948872e-05
"extended_1000",1000,200,0.05,1,1,1,0,7,"treatment_skew_vs_gaussian",2.25,0,2000,"pmm2_full_3aux",752,0.752,0.724303558025024,0.777767755698256,0.130909433785616,0.0500078565567557,0.00158138727622333,0.139897325521807,0.130335282581913,-0.0262917235607204,0.0399395984195493,2.25,7.59375,0.314768982424066,0.115116206634845,0.116320999998637,0.1090256523019,-0.016445409773328,0.136839919530724,20260548,21330549,21331548,36.5322048664093,0,1.16726775948872e-05
"extended_1000",1000,200,0.05,1,1,1,0,7,"treatment_skew_vs_gaussian",2.25,0,2000,"pmm2_single_aux_phi4",698,0.698,0.668830341516965,0.725654262122755,0.179394152453326,0.0952791640966443,0.00301299172102335,0.0800333654761773,NA,NA,0.0525443696254162,2.25,7.59375,0.180075072321399,0.180075072321399,0.0779183335921049,NA,NA,0.175316250582236,20260548,21330549,21331548,36.5322048664093,0,1.16726775948872e-05
"extended_1000",1000,200,0.05,1,1,1,0,8,"treatment_mild_skew_vs_gaussian",0.75,0,2000,"naive_delta_c3",79,0.079,0.0638472157608292,0.0973749148840082,-0.00430068494212447,0.0847477926801298,0.00267996051540956,NA,NA,NA,NA,0.75,0.84375,0,0,NA,NA,NA,0,20260548,21340549,21341548,47.1616830825806,0,1.37432021033168e-05
"extended_1000",1000,200,0.05,1,1,1,0,8,"treatment_mild_skew_vs_gaussian",0.75,0,2000,"pmm2_full_3aux",394,0.394,0.364175573483,0.424635699315938,0.0892335058773554,0.0570278407099909,0.00180337866684845,0.153905840191203,0.0878148102177541,-0.0245165661222046,0.0229584662414456,0.75,0.84375,0.115429380143402,0.0947435274777922,0.155384623965559,0.0921299214819655,-0.0253166683824512,0.0951775290264763,20260548,21340549,21341548,47.1616830825806,0,1.37432021033168e-05
"extended_1000",1000,200,0.05,1,1,1,0,8,"treatment_mild_skew_vs_gaussian",0.75,0,2000,"pmm2_single_aux_phi4",463,0.463,0.432295669154253,0.493987510973679,0.102024431544667,0.0587419887657422,0.00185758478787768,0.139158407326499,NA,NA,0.0248959208617003,0.75,0.84375,0.104368805494874,0.104368805494874,0.140372687634126,NA,NA,0.105279515725594,20260548,21340549,21341548,47.1616830825806,0,1.37432021033168e-05
"extended_1000",1000,200,0.05,1,1,1,0,9,"control_gaussian",0,0,5000,"naive_delta_c3",63,0.063,0.0495496632117291,0.0797949237046461,-0.00108470359486131,0.0503350475030335,0.00159173396242357,NA,NA,NA,NA,0,0,0,0,NA,NA,NA,0,20260548,21350549,21351548,207.715080976486,0,3.97194546500335e-06
"extended_1000",1000,200,0.05,1,1,1,0,9,"control_gaussian",0,0,5000,"pmm2_full_3aux",54,0.054,0.0416213137230627,0.0697921548460524,-0.00137986612178296,0.0356783757950182,0.00112824930727678,0.153039238084035,0.000655632123067919,-0.000140394325394591,0.0102810728356254,0,0,0,0,0.153862958102236,0.000359626480246627,-0.000304924923633801,0,20260548,21350549,21351548,207.715080976486,0,3.97194546500335e-06
"extended_1000",1000,200,0.05,1,1,1,0,9,"control_gaussian",0,0,5000,"pmm2_single_aux_phi4",57,0.057,0.0442534403587159,0.0731370676594859,-0.00161189722719093,0.0358809972285722,0.00113465675960478,0.153195232408547,NA,NA,0.0103925331410947,0,0,0,0,0.153865219537134,NA,NA,0,20260548,21350549,21351548,207.715080976486,0,3.97194546500335e-06
"extended_1000",1000,200,0.05,1,1,1,0,10,"control_identical_skew",2.25,2.25,5000,"naive_delta_c3",64,0.064,0.0504362008982295,0.0809007325011745,-0.00173581955599133,0.0787710091431425,0.00249095802482279,NA,NA,NA,NA,0,0,0,0,NA,NA,NA,0,20260548,21360549,21361548,131.578192949295,0,1.10648592865914e-06
"extended_1000",1000,200,0.05,1,1,1,0,10,"control_identical_skew",2.25,2.25,5000,"pmm2_full_3aux",60,0.06,0.046896472675932,0.0764710747913565,0.000610896778779143,0.0415131541413136,0.00131276119944202,0.046869109487121,0.132787639220931,-0.0102578954508105,0.0341634241820163,0,0,0,0,0.0443641338977794,0.116635373080622,-0.00818785503003136,0,20260548,21360549,21361548,131.578192949295,0,1.10648592865914e-06
"extended_1000",1000,200,0.05,1,1,1,0,10,"control_identical_skew",2.25,2.25,5000,"pmm2_single_aux_phi4",57,0.057,0.0442534403587159,0.0731370676594859,0.0004232465705255,0.0690209468410724,0.00218263398279193,0.0649161937454582,NA,NA,0.0290775140942206,0,0,0,0,0.0676308755989221,NA,NA,0,20260548,21360549,21361548,131.578192949295,0,1.10648592865914e-06
"extended_1000",1000,200,0.05,1,1,1,0,11,"treatment_skew_vs_gaussian",2.25,0,5000,"naive_delta_c3",61,0.061,0.0477797751260337,0.0775801188242837,-0.000813118461535825,0.0731558803294523,0.00231339206075779,NA,NA,NA,NA,2.25,7.59375,0,0,NA,NA,NA,0,20260548,21370549,21371548,113.068606138229,0,8.01392938915013e-06
"extended_1000",1000,200,0.05,1,1,1,0,11,"treatment_skew_vs_gaussian",2.25,0,5000,"pmm2_full_3aux",976,0.976,0.964537094388389,0.983819831533363,0.134672394585648,0.0336401555657296,0.00106379512430096,0.138670380534383,0.126228118429119,-0.0245113509547787,0.0274897264708551,2.25,7.59375,0.312008356202362,0.125875284889511,0.116320999998637,0.1090256523019,-0.016445409773328,0.136839919530724,20260548,21370549,21371548,113.068606138229,0,8.01392938915013e-06
"extended_1000",1000,200,0.05,1,1,1,0,11,"treatment_skew_vs_gaussian",2.25,0,5000,"pmm2_single_aux_phi4",835,0.835,0.810720751670233,0.856715320144445,0.17643730158042,0.0671014825802408,0.00212193519327673,0.0795153651343526,NA,NA,0.0355812230977991,2.25,7.59375,0.178909571552293,0.178909571552293,0.0779183335921049,NA,NA,0.175316250582236,20260548,21370549,21371548,113.068606138229,0,8.01392938915013e-06
"extended_1000",1000,200,0.05,1,1,1,0,12,"treatment_mild_skew_vs_gaussian",0.75,0,5000,"naive_delta_c3",60,0.06,0.046896472675932,0.0764710747913565,0.000552871964707107,0.0518773012718391,0.00164050430881762,NA,NA,NA,NA,0.75,0.84375,0,0,NA,NA,NA,0,20260548,21380549,21381548,136.388111829758,0,9.09554342504171e-06
"extended_1000",1000,200,0.05,1,1,1,0,12,"treatment_mild_skew_vs_gaussian",0.75,0,5000,"pmm2_full_3aux",813,0.813,0.787652264237106,0.835952184950937,0.0957469762390091,0.0345957460846993,0.00109401354980502,0.154376064418955,0.0887029084170312,-0.0244085491430375,0.0145032633621942,0.75,0.84375,0.115782048314216,0.0951873349747784,0.155384623965559,0.0921299214819655,-0.0253166683824512,0.0951775290264763,20260548,21380549,21381548,136.388111829758,0,9.09554342504171e-06
"extended_1000",1000,200,0.05,1,1,1,0,12,"treatment_mild_skew_vs_gaussian",0.75,0,5000,"pmm2_single_aux_phi4",853,0.853,0.829702267060965,0.873596041448233,0.106494188870096,0.0363624711132866,0.00114988230070064,0.141049032984402,NA,NA,0.0168223313274632,0.75,0.84375,0.105786774738301,0.105786774738301,0.140372687634126,NA,NA,0.105279515725594,20260548,21380549,21381548,136.388111829758,0,9.09554342504171e-06
"scale_invsqrt2_200",200,200,0.05,0.707106781186547,0.707106781186547,1,0,1,"control_gaussian",0,0,500,"naive_delta_c3",12,0.06,0.0346521942543319,0.101931692957663,0.00314057605354655,0.0531873682956999,0.00376091487953558,NA,NA,NA,NA,0,0,0,0,NA,NA,NA,0,20260548,20770549,20770748,3.33389401435852,0,3.47191501288008e-05
"scale_invsqrt2_200",200,200,0.05,0.707106781186547,0.707106781186547,1,0,1,"control_gaussian",0,0,500,"pmm2_full_3aux",14,0.07,0.0421521718283428,0.114054808856106,0.00130824113125661,0.0373743804067843,0.00264276778282828,0.149878852773078,0.00503020324232161,-0.00303829596831741,0.0307689202674254,0,0,0,0,0.153794031300011,0.000506784722778859,-0.000430773453817243,0,20260548,20770549,20770748,3.33389401435852,0,3.47191501288008e-05
"scale_invsqrt2_200",200,200,0.05,0.707106781186547,0.707106781186547,1,0,1,"control_gaussian",0,0,500,"pmm2_single_aux_phi4",9,0.045,0.023852543001493,0.0832967040018196,0.00110286530504978,0.0388362907494187,0.00274614045450464,0.151571625371612,NA,NA,0.0320936010047291,0,0,0,0,0.153796296084048,NA,NA,0,20260548,20770549,20770748,3.33389401435852,0,3.47191501288008e-05
"scale_invsqrt2_200",200,200,0.05,0.707106781186547,0.707106781186547,1,0,2,"control_identical_skew",2.25,2.25,500,"naive_delta_c3",13,0.065,0.038376354649153,0.108019079299069,0.00262494274177078,0.0856524304841215,0.00605654144204317,NA,NA,NA,NA,0,0,0,0,NA,NA,NA,0,20260548,20780549,20780748,3.57085919380188,0,1.55691306933797e-05
"scale_invsqrt2_200",200,200,0.05,0.707106781186547,0.707106781186547,1,0,2,"control_identical_skew",2.25,2.25,500,"pmm2_full_3aux",13,0.065,0.038376354649153,0.108019079299069,0.00538185395302814,0.0441809789135917,0.00312406697892606,0.0739319320865714,0.22962531928067,-0.0276612889853156,0.0700870537686273,0,0,0,0,0.0443413145957986,0.16492876835574,-0.0115738730134992,0,20260548,20780549,20780748,3.57085919380188,0,1.55691306933797e-05
"scale_invsqrt2_200",200,200,0.05,0.707106781186547,0.707106781186547,1,0,2,"control_identical_skew",2.25,2.25,500,"pmm2_single_aux_phi4",14,0.07,0.0421521718283428,0.114054808856106,0.00401600226983499,0.0726192690706903,0.00513495776046957,0.0627767477418113,NA,NA,0.0631407404945087,0,0,0,0,0.0676265292339265,NA,NA,0,20260548,20780549,20780748,3.57085919380188,0,1.55691306933797e-05
"scale_invsqrt2_200",200,200,0.05,0.707106781186547,0.707106781186547,1,0,3,"treatment_skew_vs_gaussian",2.25,0,500,"naive_delta_c3",19,0.095,0.0616631027173865,0.143601611648199,-0.0138630599376478,0.0902026823868506,0.00637829283969584,NA,NA,NA,NA,0.795495128834866,1.8984375,0,0,NA,NA,NA,0,20260548,20790549,20790748,3.85353183746338,0,4.98333921869765e-05
"scale_invsqrt2_200",200,200,0.05,0.707106781186547,0.707106781186547,1,0,3,"treatment_skew_vs_gaussian",2.25,0,500,"pmm2_full_3aux",49,0.245,0.190568680890372,0.309042435562034,0.0452513823929894,0.034243604782221,0.00242138851537805,0.151294259857992,0.192380350346012,-0.0448593201575928,0.0572819344965481,0.795495128834866,1.8984375,0.120353846737709,0.0351912311260292,0.116269325951826,0.154157583140204,-0.0232464426002209,0.048359764053734,20260548,20790549,20790748,3.85353183746338,0,4.98333921869765e-05
"scale_invsqrt2_200",200,200,0.05,0.707106781186547,0.707106781186547,1,0,3,"treatment_skew_vs_gaussian",2.25,0,500,"pmm2_single_aux_phi4",74,0.37,0.306126084098591,0.438773700759498,0.0646391665033469,0.0522198520141789,0.00369250114717839,0.0946964516897782,NA,NA,0.0783523043207816,0.795495128834866,1.8984375,0.0753305660371648,0.0753305660371648,0.0779098189850868,NA,NA,0.0619768814910427,20260548,20790549,20790748,3.85353183746338,0,4.98333921869765e-05
"scale_invsqrt2_200",200,200,0.05,0.707106781186547,0.707106781186547,1,0,4,"treatment_mild_skew_vs_gaussian",0.75,0,500,"naive_delta_c3",18,0.09,0.0576874488621932,0.137765718767165,-0.000900304750527902,0.0623434492925893,0.00440834757573496,NA,NA,NA,NA,0.265165042944955,0.2109375,0,0,NA,NA,NA,0,20260548,20800549,20800748,3.59280300140381,0,5.31161720858375e-05
"scale_invsqrt2_200",200,200,0.05,0.707106781186547,0.707106781186547,1,0,4,"treatment_mild_skew_vs_gaussian",0.75,0,500,"pmm2_full_3aux",28,0.14,0.0986698263345564,0.194898808657076,0.029097314225863,0.0398251461549911,0.00281606309079396,0.152875394854424,0.11710810995348,-0.0325532342127898,0.0388835875037043,0.265165042944955,0.2109375,0.0405372106418003,0.0336705128000399,0.155290915594901,0.130101546674943,-0.0357404814903192,0.0336387144883192,20260548,20800549,20800748,3.59280300140381,0,5.31161720858375e-05
"scale_invsqrt2_200",200,200,0.05,0.707106781186547,0.707106781186547,1,0,4,"treatment_mild_skew_vs_gaussian",0.75,0,500,"pmm2_single_aux_phi4",34,0.17,0.12427907912587,0.228158836283126,0.0364199796875679,0.0428419837931803,0.00302938572596419,0.138640115914641,NA,NA,0.0437977817257985,0.265165042944955,0.2109375,0.0367625122903994,0.0367625122903994,0.140320857330563,NA,NA,0.0372081861601318,20260548,20800549,20800748,3.59280300140381,0,5.31161720858375e-05
"scale_invsqrt2_200",200,200,0.05,0.707106781186547,0.707106781186547,1,0,5,"control_gaussian",0,0,2000,"naive_delta_c3",14,0.07,0.0421521718283428,0.114054808856106,0.0046607431306143,0.025027355757157,0.00176970129710539,NA,NA,NA,NA,0,0,0,0,NA,NA,NA,0,20260548,20810549,20810748,7.59829688072205,0,1.99244631633316e-05
"scale_invsqrt2_200",200,200,0.05,0.707106781186547,0.707106781186547,1,0,5,"control_gaussian",0,0,2000,"pmm2_full_3aux",11,0.055,0.0309853417034588,0.0957869987723084,0.00369980539619341,0.0190555012913281,0.00134742741820071,0.151826847667188,-0.00152478769690751,0.000543399707960692,0.0162818435579898,0,0,0,0,0.153794031300011,0.000506784722778859,-0.000430773453817243,0,20260548,20810549,20810748,7.59829688072205,0,1.99244631633316e-05
"scale_invsqrt2_200",200,200,0.05,0.707106781186547,0.707106781186547,1,0,5,"control_gaussian",0,0,2000,"pmm2_single_aux_phi4",15,0.075,0.045974917184382,0.120043610236295,0.00360704968462096,0.019378953321183,0.00137029893057061,0.151534995184008,NA,NA,0.0162295642224234,0,0,0,0,0.153796296084048,NA,NA,0,20260548,20810549,20810748,7.59829688072205,0,1.99244631633316e-05
"scale_invsqrt2_200",200,200,0.05,0.707106781186547,0.707106781186547,1,0,6,"control_identical_skew",2.25,2.25,2000,"naive_delta_c3",25,0.125,0.0861197447571265,0.178014250025823,-0.000578210692351309,0.048646884613215,0.00343985419936039,NA,NA,NA,NA,0,0,0,0,NA,NA,NA,0,20260548,20820549,20820748,8.97521305084229,0,4.80791865764552e-06
"scale_invsqrt2_200",200,200,0.05,0.707106781186547,0.707106781186547,1,0,6,"control_identical_skew",2.25,2.25,2000,"pmm2_full_3aux",15,0.075,0.045974917184382,0.120043610236295,-1.74434245831636e-05,0.0230139301502286,0.00162733060709802,0.0527480954973647,0.196927920317835,-0.0171534391681388,0.0410652913442424,0,0,0,0,0.0443413145957986,0.16492876835574,-0.0115738730134992,0,20260548,20820549,20820748,8.97521305084229,0,4.80791865764552e-06
"scale_invsqrt2_200",200,200,0.05,0.707106781186547,0.707106781186547,1,0,6,"control_identical_skew",2.25,2.25,2000,"pmm2_single_aux_phi4",19,0.095,0.0616631027173865,0.143601611648199,-0.000273678051202394,0.0419606415366584,0.00296706541735091,0.0652085216456551,NA,NA,0.0422506028681971,0,0,0,0,0.0676265292339265,NA,NA,0,20260548,20820549,20820748,8.97521305084229,0,4.80791865764552e-06
"scale_invsqrt2_200",200,200,0.05,0.707106781186547,0.707106781186547,1,0,7,"treatment_skew_vs_gaussian",2.25,0,2000,"naive_delta_c3",10,0.05,0.0273826456007639,0.089578148138776,0.00218157751065675,0.0406806549095495,0.00287655669496523,NA,NA,NA,NA,0.795495128834866,1.8984375,0,0,NA,NA,NA,0,20260548,20830549,20830748,7.9957480430603,0,2.38307038755992e-05
"scale_invsqrt2_200",200,200,0.05,0.707106781186547,0.707106781186547,1,0,7,"treatment_skew_vs_gaussian",2.25,0,2000,"pmm2_full_3aux",159,0.795,0.733743019475775,0.845138237961638,0.0467705882445596,0.0176914033005464,0.00125097112425224,0.139424687136514,0.186401083281736,-0.0379201139538887,0.0399169527343171,0.795495128834866,1.8984375,0.110911659456422,0.0389226931220866,0.116269325951826,0.154157583140204,-0.0232464426002209,0.048359764053734,20260548,20830549,20830748,7.9957480430603,0,2.38307038755992e-05
"scale_invsqrt2_200",200,200,0.05,0.707106781186547,0.707106781186547,1,0,7,"treatment_skew_vs_gaussian",2.25,0,2000,"pmm2_single_aux_phi4",136,0.68,0.612481015658865,0.74073466684532,0.0635226326244592,0.0332644857581573,0.00235215434522763,0.0771498775874322,NA,NA,0.0494852804230766,0.795495128834866,1.8984375,0.0613723518110085,0.0613723518110085,0.0779098189850868,NA,NA,0.0619768814910427,20260548,20830549,20830748,7.9957480430603,0,2.38307038755992e-05
"scale_invsqrt2_200",200,200,0.05,0.707106781186547,0.707106781186547,1,0,8,"treatment_mild_skew_vs_gaussian",0.75,0,2000,"naive_delta_c3",14,0.07,0.0421521718283428,0.114054808856106,-0.000111605827067731,0.0305809861295049,0.00216240226675447,NA,NA,NA,NA,0.265165042944955,0.2109375,0,0,NA,NA,NA,0,20260548,20840549,20840748,8.45426893234253,0,3.47018538870147e-05
"scale_invsqrt2_200",200,200,0.05,0.707106781186547,0.707106781186547,1,0,8,"treatment_mild_skew_vs_gaussian",0.75,0,2000,"pmm2_full_3aux",85,0.425,0.358536125435139,0.494290673521451,0.0321727716443602,0.0196693333418204,0.00139083189874199,0.154422182399561,0.12458975166832,-0.0342314109797881,0.0218058724384885,0.265165042944955,0.2109375,0.0409473646276333,0.0337266763740842,0.155290915594901,0.130101546674943,-0.0357404814903192,0.0336387144883192,20260548,20840549,20840748,8.45426893234253,0,3.47018538870147e-05
"scale_invsqrt2_200",200,200,0.05,0.707106781186547,0.707106781186547,1,0,8,"treatment_mild_skew_vs_gaussian",0.75,0,2000,"pmm2_single_aux_phi4",93,0.465,0.39718564157004,0.534133531276369,0.0363424196473788,0.0208591821008777,0.00147496691135357,0.140494906915792,NA,NA,0.025051530503685,0.265165042944955,0.2109375,0.0372543380258736,0.0372543380258736,0.140320857330563,NA,NA,0.0372081861601318,20260548,20840549,20840748,8.45426893234253,0,3.47018538870147e-05
"scale_invsqrt2_200",200,200,0.05,0.707106781186547,0.707106781186547,1,0,9,"control_gaussian",0,0,5000,"naive_delta_c3",12,0.06,0.0346521942543319,0.101931692957663,0.00163284484181882,0.018280213196529,0.00129260627128015,NA,NA,NA,NA,0,0,0,0,NA,NA,NA,0,20260548,20850549,20850748,20.9944360256195,0,9.65826816985357e-06
"scale_invsqrt2_200",200,200,0.05,0.707106781186547,0.707106781186547,1,0,9,"control_gaussian",0,0,5000,"pmm2_full_3aux",11,0.055,0.0309853417034588,0.0957869987723084,0.00119640741771809,0.0135670557291086,0.000959335710678849,0.153726620477805,-0.000612982544506104,3.29615750212357e-05,0.00987458422826418,0,0,0,0,0.153794031300011,0.000506784722778859,-0.000430773453817243,0,20260548,20850549,20850748,20.9944360256195,0,9.65826816985357e-06
"scale_invsqrt2_200",200,200,0.05,0.707106781186547,0.707106781186547,1,0,9,"control_gaussian",0,0,5000,"pmm2_single_aux_phi4",17,0.085,0.0537457501774756,0.131895870715656,0.00116172287758884,0.0136396201513616,0.000964466790183645,0.153656435792397,NA,NA,0.0104348809419814,0,0,0,0,0.153796296084048,NA,NA,0,20260548,20850549,20850748,20.9944360256195,0,9.65826816985357e-06
"scale_invsqrt2_200",200,200,0.05,0.707106781186547,0.707106781186547,1,0,10,"control_identical_skew",2.25,2.25,5000,"naive_delta_c3",13,0.065,0.038376354649153,0.108019079299069,-0.00049268072604594,0.0276879946204507,0.00195783687535774,NA,NA,NA,NA,0,0,0,0,NA,NA,NA,0,20260548,20860549,20860748,20.6786370277405,0,2.91015583799015e-06
"scale_invsqrt2_200",200,200,0.05,0.707106781186547,0.707106781186547,1,0,10,"control_identical_skew",2.25,2.25,5000,"pmm2_full_3aux",13,0.065,0.038376354649153,0.108019079299069,-0.00275727255564034,0.0151744189509218,0.00107299345407624,0.0432048184994968,0.188167861294192,-0.0136449866037133,0.0308959571366607,0,0,0,0,0.0443413145957986,0.16492876835574,-0.0115738730134992,0,20260548,20860549,20860748,20.6786370277405,0,2.91015583799015e-06
"scale_invsqrt2_200",200,200,0.05,0.707106781186547,0.707106781186547,1,0,10,"control_identical_skew",2.25,2.25,5000,"pmm2_single_aux_phi4",14,0.07,0.0421521718283428,0.114054808856106,-0.000362372738080996,0.0246703898501191,0.0017444599957535,0.0619391622803928,NA,NA,0.0276180402189638,0,0,0,0,0.0676265292339265,NA,NA,0,20260548,20860549,20860748,20.6786370277405,0,2.91015583799015e-06
"scale_invsqrt2_200",200,200,0.05,0.707106781186547,0.707106781186547,1,0,11,"treatment_skew_vs_gaussian",2.25,0,5000,"naive_delta_c3",11,0.055,0.0309853417034588,0.0957869987723084,0.00109637272707461,0.0267059313708169,0.00188839451702072,NA,NA,NA,NA,0.795495128834866,1.8984375,0,0,NA,NA,NA,0,20260548,20870549,20870748,22.5871670246124,0,2.38102306197585e-05
"scale_invsqrt2_200",200,200,0.05,0.707106781186547,0.707106781186547,1,0,11,"treatment_skew_vs_gaussian",2.25,0,5000,"pmm2_full_3aux",195,0.975,0.942821659593358,0.989275280348239,0.0483960803785528,0.0127980296911,0.000904957358040359,0.136319318888464,0.173281374279413,-0.0329823758045052,0.0306611791199055,0.795495128834866,1.8984375,0.10844135414186,0.0458263750754944,0.116269325951826,0.154157583140204,-0.0232464426002209,0.048359764053734,20260548,20870549,20870748,22.5871670246124,0,2.38102306197585e-05
"scale_invsqrt2_200",200,200,0.05,0.707106781186547,0.707106781186547,1,0,11,"treatment_skew_vs_gaussian",2.25,0,5000,"pmm2_single_aux_phi4",157,0.785,0.722976926510034,0.836281237454924,0.0580756327044997,0.0233490090635912,0.00165102426428515,0.0722664541874415,NA,NA,0.0389699491627504,0.795495128834866,1.8984375,0.0574876122842777,0.0574876122842777,0.0779098189850868,NA,NA,0.0619768814910427,20260548,20870549,20870748,22.5871670246124,0,2.38102306197585e-05
"scale_invsqrt2_200",200,200,0.05,0.707106781186547,0.707106781186547,1,0,12,"treatment_mild_skew_vs_gaussian",0.75,0,5000,"naive_delta_c3",6,0.03,0.0138203143401113,0.0638942924545192,-0.00102215634850535,0.0181963568379351,0.00128667673129941,NA,NA,NA,NA,0.265165042944955,0.2109375,0,0,NA,NA,NA,0,20260548,20880549,20880748,22.8821170330048,0,2.51582217205976e-05
"scale_invsqrt2_200",200,200,0.05,0.707106781186547,0.707106781186547,1,0,12,"treatment_mild_skew_vs_gaussian",0.75,0,5000,"pmm2_full_3aux",160,0.8,0.739144813434621,0.849547990739019,0.0328024895058378,0.0120530051586733,0.000852276168137435,0.1535786123705,0.128095633188647,-0.0349011038563452,0.0159946960797146,0.265165042944955,0.2109375,0.0407236793446502,0.0333617277499524,0.155290915594901,0.130101546674943,-0.0357404814903192,0.0336387144883192,20260548,20880549,20880748,22.8821170330048,0,2.51582217205976e-05
"scale_invsqrt2_200",200,200,0.05,0.707106781186547,0.707106781186547,1,0,12,"treatment_mild_skew_vs_gaussian",0.75,0,5000,"pmm2_single_aux_phi4",169,0.845,0.788393094076579,0.888603630723107,0.0368565848562137,0.0124085939987269,0.000877420096149048,0.14059499203656,NA,NA,0.0156036858685122,0.265165042944955,0.2109375,0.0372808771012202,0.0372808771012202,0.140320857330563,NA,NA,0.0372081861601318,20260548,20880549,20880748,22.8821170330048,0,2.51582217205976e-05
